Top queries,Clicks,Impressions,CTR,Position
auto glass repair denver co,1,1,100%,1
windshield replacement,0,61,0%,55.69
windshield repair,0,54,0%,58.96
progressive windshield replacement,0,43,0%,65.14
mobile windshield replacement denver,0,40,0%,49.67
windshield chip repair,0,37,0%,76.24
windshield replacement aurora co,0,33,0%,30.24
windshield replacement in aurora colorado,0,30,0%,39.17
mobile windshield repair denver,0,28,0%,47.54
windshield repair in denver co,0,27,0%,76.44
auto glass aurora co,0,26,0%,41.12
rock chip repair,0,23,0%,69.39
windshield repair denver co,0,22,0%,75.27
windshield rock chip repair,0,18,0%,74.89
auto window repair denver,0,17,0%,80.53
auto glass denver co,0,16,0%,89.94
boulder chip repair,0,13,0%,11.62
progressive rock chip repair,0,13,0%,48.69
windshield replacement denver,0,12,0%,72
windshield rock repair,0,11,0%,64
rock chip windshield repair,0,11,0%,68
windshield repair near me,0,10,0%,17.3
progressive windshield chip repair,0,10,0%,62
rock windshield repair,0,10,0%,62.9
aaa windshield claim,0,10,0%,70.2
windshield chip repairs,0,10,0%,72.5
chip windshield repair,0,10,0%,74
auto glass repair aurora,0,9,0%,23.89
rock chip repair windshield,0,9,0%,60.33
progressive windshield claim,0,9,0%,66.44
progressive glass coverage,0,9,0%,74.33
auto glass repair denver,0,9,0%,75.22
windshield replacement in denver 30 16 5,0,8,0%,9.25
windshield repair colorado springs,0,8,0%,56
aaa glass claims,0,8,0%,66
aaa windshield replacement claim,0,8,0%,67.88
auto glass repair broomfield co,0,8,0%,76
mobile auto glass replacement denver co,0,7,0%,35.71
adas calibration boulder co,0,7,0%,43
auto glass repair aurora co,0,7,0%,44.43
windshield repair mobile,0,7,0%,54.43
windshield chips that can be repaired,0,7,0%,87.43
adas calibration fort collins co,0,6,0%,29.83
windshield chip repair boulder co,0,6,0%,36
car glass replacement aurora co,0,6,0%,52.17
rock chip repair colorado springs,0,6,0%,55.67
windshield repair denver,0,6,0%,56.5
mobile windshield repair denver co,0,6,0%,62.17
paint chip repair aurora,0,6,0%,81.67
auto glass repair colorado springs co,0,6,0%,87.17
all state auto glass claims assistance aurora co,0,5,0%,10
progressive windshield replacement colorado springs,0,5,0%,16.4
geico windshield replacement colorado springs,0,5,0%,18
windshield replacement near me,0,5,0%,19.4
auto glass repair boulder,0,5,0%,31.6
windshield replacement lakewood co,0,5,0%,32
auto glass replacement service around aurora co,0,5,0%,36.8
mobile service auto glass,0,5,0%,43.4
auto glass replacement aurora co,0,5,0%,45
auto glass fort collins co,0,5,0%,48.6
mobile windshield replacement denver co,0,5,0%,51
auto glass specialist aurora co,0,5,0%,51.2
car glass replacement service aurora co,0,5,0%,52.8
mobile auto glass repair denver co,0,5,0%,58.8
does progressive cover windshield replacement,0,5,0%,63.8
glass repair boulder co,0,5,0%,65
window repair boulder,0,5,0%,70.8
replace windshield,0,5,0%,72
car glass replacement service close to aurora co,0,4,0%,26.75
auto glass replacement service aurora co,0,4,0%,36.25
windshield replacement aurora,0,4,0%,39
auto glass specialist close to aurora co,0,4,0%,43.25
car glass replacement service around aurora co,0,4,0%,50
windshield repair service near me,0,4,0%,51.25
mobile auto glass denver co,0,4,0%,52
windshield chip repair denver co,0,4,0%,55
rock chip repair denver co,0,4,0%,56.5
windshield crack repair colorado springs,0,4,0%,57.25
progressive windshield coverage,0,4,0%,59
windshield chip repair mobile,0,4,0%,63
glass replacement boulder co,0,4,0%,71.75
mobile windshield crack repair,0,4,0%,72
mobile windshield repair near me,0,4,0%,75
subaru windshield replacement,0,4,0%,81.75
chip repair services in colorado,0,4,0%,97.75
glass repair broadmoor,0,3,0%,11
fix auto glass,0,3,0%,31.33
mobile auto glass service,0,3,0%,33.33
auto glass lakewood co,0,3,0%,35.33
adas calibration denver co,0,3,0%,56.33
auto glass replacement boulder co,0,3,0%,61.67
auto glass boulder co,0,3,0%,71.33
car window replacement denver,0,3,0%,73.67
windshield replacement denver colorado,0,3,0%,76.33
windshield replacement denver co,0,3,0%,76.67
auto glass services colorado springs co,0,3,0%,94.67
mobile auto glass longmont co,0,3,0%,95.67
windshield replacement and calibration near me,0,2,0%,11
windshield replacement brighton,0,2,0%,11
glass repair security-widefield,0,2,0%,23.5
windshield rock chip repair lakewood co,0,2,0%,26
boulder auto glass,0,2,0%,29.5
mobile auto glass replacement colorado,0,2,0%,30.5
windshield crack repair mobile,0,2,0%,33.5
windshield repair brighton,0,2,0%,34.5
mobile auto glass repairs,0,2,0%,35
auto glass repair lakewood co,0,2,0%,36.5
rock chip repair lakewood co,0,2,0%,37
auto glass repair fort collins co,0,2,0%,39
mobile windshield chip repair near me,0,2,0%,43
windshield glass repair lakewood co,0,2,0%,43.5
windshield repair lakewood co,0,2,0%,44.5
same day mobile auto glass repair near me,0,2,0%,45
windshield chip repair near me,0,2,0%,45.5
windshield repair aurora,0,2,0%,46.5
windshield repair commerce city,0,2,0%,46.5
progressive glass deductible,0,2,0%,48.5
auto glass repair boulder co,0,2,0%,49
lakewood glass services,0,2,0%,49.5
glass repair aurora co,0,2,0%,51
windshield chip repair colorado springs,0,2,0%,53.5
progressive auto glass claims,0,2,0%,55
windshield glass repair services lakewood co,0,2,0%,56
windscreen crack repair lakewood co,0,2,0%,57.5
will my insurance go up if i claim for a windshield progressive,0,2,0%,59.5
mobile auto glass repair,0,2,0%,60.5
windshield replacement colorado springs,0,2,0%,62
mobile windshield chip repair,0,2,0%,67
windshield chip repair service lakewood co,0,2,0%,67.5
auto glass replacement fort collins co,0,2,0%,68
car window repair denver,0,2,0%,68.5
progressive glass claim,0,2,0%,68.5
best windshield replacement denver,0,2,0%,70.5
progressive glass claims phone number,0,2,0%,77.5
bright auto glass,0,2,0%,79
quinn auto glass,0,2,0%,80
auto glass company denver co10,0,2,0%,89.5
chipped windshield repair,0,2,0%,89.5
auto window replacement denver,0,2,0%,92
paint chip repair denver,0,2,0%,92.5
j rocks auto glass,0,2,0%,98
sunroof replacement denver co,0,2,0%,98
auto windshield replacement denver,0,2,0%,99
ford windshield repair,0,2,0%,155.5
pinkauto,0,1,0%,1
auto glass companies that come to you,0,1,0%,7
autoglass technician jobs,0,1,0%,8
glass repair stetson hills,0,1,0%,8
same-day window replacement niwot,0,1,0%,11
auto glass brighton co,0,1,0%,17
auto glass replacement brighton co,0,1,0%,18
glass repair brighton co,0,1,0%,22
glass repair brighton,0,1,0%,25
aurora auto glass,0,1,0%,26
auto glass repair near me,0,1,0%,27
car window repair brighton,0,1,0%,27
adas calibration arvada co,0,1,0%,29
windshield repair boulder,0,1,0%,30
windshield replacement centennial co,0,1,0%,30
lakewood auto glass,0,1,0%,31
"""professional auto glass"" ""denver""",0,1,0%,32
windshield replacement boulder,0,1,0%,33
windshield repair boulder co,0,1,0%,37
jiffy auto glass,0,1,0%,38
windshield replacements,0,1,0%,40
auto glass replacement aurora,0,1,0%,41
fort collins auto glass,0,1,0%,42
rock chip repair denver,0,1,0%,44
progressive windshield replacement deductible,0,1,0%,45
toyota rav4 windshield replacement,0,1,0%,46
windshield chip repair denver,0,1,0%,46
car glass repair boulder,0,1,0%,48
car window repair near me,0,1,0%,48
denver windshield chip repair,0,1,0%,48
fort collins windshield replacement,0,1,0%,50
jiffy auto glass denver,0,1,0%,50
does subaru replace windshields,0,1,0%,54
progressive insurance windshield,0,1,0%,55
pj auto glass,0,1,0%,57
windshield repair parker,0,1,0%,57
subaru dealership windshield replacement,0,1,0%,58
safelite boulder colorado,0,1,0%,59
progressive 0 deductible glass,0,1,0%,60
auto glass colorado springs,0,1,0%,62
window glass replacement aurora co,0,1,0%,62
windshield recalibration denver co,0,1,0%,62
windshield replacement denver cost,0,1,0%,62
auto glass replacement colorado springs,0,1,0%,63
repair chip windshield,0,1,0%,63
auto glass repair colorado springs,0,1,0%,64
glass repair boulder,0,1,0%,64
subaru auto glass,0,1,0%,64
windshield replacement subaru,0,1,0%,64
auto windscreens,0,1,0%,66
colorado springs windshield chip repair,0,1,0%,67
doves auto glass,0,1,0%,68
glass repair fort collins co,0,1,0%,68
aaa windshield replacement deductible,0,1,0%,69
peak view auto glass,0,1,0%,69
denver auto glass repair,0,1,0%,70
does progressive cover windshield repair,0,1,0%,70
glass insurance progressive,0,1,0%,72
safelite progressive claim,0,1,0%,74
progressive glass claims,0,1,0%,75
auto glass replacement denver,0,1,0%,77
peck auto glass,0,1,0%,77
progressive insurance glass coverage,0,1,0%,77
pinnacle auto glass,0,1,0%,78
glass company aurora,0,1,0%,79
blue crush auto glass,0,1,0%,80
windshield replacement mobile service,0,1,0%,80
pecks auto glass,0,1,0%,81
does progressive cover cracked windshield,0,1,0%,83
auto glass replacement colorado springs co,0,1,0%,84
colorado springs auto glass replacement,0,1,0%,84
window rock chip repair,0,1,0%,85
chip repair in windshield,0,1,0%,87
dove auto glass,0,1,0%,87
triple aaa windshield repair,0,1,0%,88
cracked windshield progressive,0,1,0%,89
windshield replacement colorado springs cost,0,1,0%,89
auto glass repair denver colorado,0,1,0%,91
mobile windshield replacement,0,1,0%,91
windshield repair rock chip,0,1,0%,91
auto glass colorado springs co,0,1,0%,93
rock chip glass repair,0,1,0%,94
auto glass replacement denver co,0,1,0%,95
nissan versa windshield replacement cost,0,1,0%,95
car windshield replacement denver,0,1,0%,96
how to file a windshield claim with progressive,0,1,0%,96
windshield replacement in thornton colorado,0,1,0%,96
car windshield,0,1,0%,100
progressive glass claim phone number,0,1,0%,100
windshield replacement mobile,0,1,0%,166