Negative Keyword,Match Type
safelite,Exact
safelight,Exact
savelite,Exact
sade lite,Exact
safe lite,Exact
safe life,Exact
safe flight,Exact
jiffy lube,Exact
jiffy glass,Exact
jiffy auto glass,Exact
jiffy windshield,Exact
auto glass now,Phrase
pilkington,Exact
tavos,Phrase
tavo,Phrase
tabos,Phrase
anders auto glass,Exact
anders,Phrase
primos auto glass,Exact
primos,Phrase
los primos,Phrase
native auto glass,Exact
native,Phrase
satellite autoglass,Exact
satellite glass,Exact
satellite window,Phrase
snow auto glass,Exact
snow,Phrase
quick set,Phrase
quickset,Phrase
precision auto glass,Phrase
elite auto glass,Phrase
service auto glass,Phrase
absolute auto glass,Phrase
bear creek auto glass,Exact
bright auto glass,Exact
starlite,Phrase
latinos auto glass,Exact
latino's auto glass,Exact
morales auto glass,Exact
lynx auto glass,Exact
grand auto glass,Exact
master auto glass,Exact
andy's auto glass,Exact
slingshot auto glass,Exact
rams glass,Exact
ram glass,Exact
glass masters,Phrase
rocky auto glass,Exact
quality glass,Exact
rainbow auto glass,Exact
affiliated auto glass,Exact
clearview,Phrase
first glass,Phrase
right choice,Phrase
top notch,Phrase
patriot glass,Exact
hd auto glass,Exact
slp auto glass,Exact
ar auto glass,Exact
anchor auto glass,Exact
van go,Phrase
peak view,Phrase
peakview,Phrase
aarons auto glass,Exact
mygrant,Phrase
bob's auto glass,Exact
j&k auto glass,Exact
asap auto glass,Exact
innova,Phrase
jb auto glass,Exact
city glass,Phrase
handy glass,Exact
extreme 1,Phrase
unique auto glass,Exact
cornerstone auto glass,Exact
soco auto glass,Exact
soco windshield,Phrase
deco windshield,Phrase
deco chip,Phrase
50 off auto glass,Exact
nova windshield,Phrase
kwikset,Phrase
driven auto glass,Exact
migrant auto glass,Exact
a better windshield,Exact
neste auto glass,Exact
auto glass usa,Exact
insight auto glass,Exact
action auto glass,Exact
windshield express,Exact
montrose auto glass,Exact
dependable auto glass,Exact
dales auto glass,Exact
jd auto glass,Exact
prestige auto glass,Exact
apex auto glass,Exact
spring auto glass,Exact
auto city classic,Phrase
elevated auto glass,Exact
autoplex,Phrase
morey's glass,Exact
morey's,Phrase
polaris auto glass,Exact
polaris autoglass,Exact
gunnison auto glass,Exact
west elk windshields,Exact
arch auto glass,Exact
tier one,Phrase
tier 1,Phrase
hearts auto glass,Exact
mountain state glass,Exact
skyline auto glass,Exact
astro glass,Exact
glasspro,Exact
autoglass pro,Exact
mountain aire,Phrase
summit auto glass,Exact
united glass service,Exact
safeway auto glass,Exact
snappy windshield,Exact
budget glass,Exact
bama auto glass,Exact
waxahachie,Phrase
portland glass,Exact
noble auto glass,Exact
pure auto glass,Exact
turbo auto glass,Exact
big sky auto glass,Exact
armando auto glass,Exact
estrada auto glass,Exact
best auto glass llc,Exact
stateline auto glass,Exact
crystal clear auto glass,Exact
auto glass pro,Phrase
star auto glass,Exact
chipper auto glass,Exact
new image auto glass,Exact
professional auto glass,Phrase
springs auto glass,Exact
caliber auto glass,Exact
clear choice,Phrase
premium auto glass,Phrase
greeley auto glass,Exact
carefree,Phrase
rons auto glass,Exact
crystal auto glass,Exact
xtreme auto glass,Exact
classic auto glass,Phrase
a+ auto glass,Exact
american autoglass,Exact
allstate glass,Exact
chip pros,Phrase
harding auto glass,Exact
innovative auto glass,Exact
anderson's auto glass,Exact
on point,Phrase
pj's auto glass,Exact
decker auto glass,Exact
glass man,Exact
windshield hub,Exact
windshield paramedic,Exact
the windshield doctor,Exact
the windshield guys,Exact
the windshield shop,Exact
all around glass,Exact
all star glass,Exact
a and a glass,Exact
aa glass repair,Exact
a wiser auto glass,Exact
a plus auto glass,Exact
a better view,Phrase
artistic auto glass,Exact
auto glass denver pros,Exact
peterson auto glass,Exact
hv auto glass,Exact
primo auto glass,Exact
pikes peak,Phrase
rock chip doctor,Exact
auto glass yes,Exact
beverly hills glass,Exact
dcm glass,Exact
easy glass,Phrase
express glass,Exact
inexpensive glass,Exact
oe glass,Exact
oe auto glass,Exact
all american glass,Exact
windshields express,Exact
act fast glass,Exact
black mountain glass,Exact
chip chick,Phrase
chip medic,Phrase
chris's glass,Exact
cracks and racks,Phrase
express auto glass,Phrase
fast break,Phrase
gt tools,Phrase
j and j auto glass,Exact
j and m glass,Exact
mccaslin glass,Exact
nelson auto glass,Exact
novice glass,Phrase
on the spot glass,Exact
standard glass,Phrase
supreme glass,Exact
a+ glass salida,Exact
a touch of glass,Phrase
b and m auto glass,Exact
cheyenne,Broad
wyoming,Broad
laramie,Broad
gillette,Broad
lincoln ne,Exact
charlotte,Broad
lodi,Broad
cincinnati,Broad
mckinney,Broad
el paso,Broad
keene,Broad
brevard,Broad
virginia beach,Broad
belton,Broad
loveland,Broad
longmont,Broad
grand junction,Broad
pueblo,Broad
gunnison,Broad
rifle,Broad
glenwood springs,Broad
durango,Broad
alamosa,Broad
canon city,Broad
salida,Broad
steamboat,Broad
eagle co,Exact
summit county,Broad
frisco,Broad
fort morgan,Broad
sterling,Broad
how much,Phrase
how to,Phrase
cost,Broad
estimate,Broad
where to buy,Phrase
who fixes,Phrase
can you fix,Phrase
glue,Broad
polish,Broad
diy,Broad
repair yourself,Phrase
como reparar,Phrase
mobile mechanics,Phrase
plummers automotive,Exact
advanced industries,Phrase
freightliner,Broad
semi truck,Phrase
semi windshield,Phrase
used auto glass,Phrase
used,Broad
wholesale,Broad
for sale,Phrase
removal,Broad
1537 w alameda,Phrase
6603 n federal,Phrase
3716 aldrin,Phrase
jobs,Broad
careers,Broad
hiring,Broad
employment,Broad
technician,Broad
work,Broad
apply,Broad
emergency glass repair,Phrase
24 hour,Phrase
glass company,Phrase
instalacion de parabrisas,Phrase
tesla,Broad
corvette,Broad
