Negative Keyword,Match Type
24 hour,Phrase
50 off auto glass,Exact
a and a glass,Exact
a better view,Phrase
a better windshield,Exact
a plus auto glass,Exact
a touch of glass,Phrase
a wiser auto glass,Exact
a+ auto glass,Exact
aa glass repair,Exact
aarons auto glass,Exact
absolute auto glass,Phrase
act fast glass,Exact
action auto glass,Exact
advanced industries,Phrase
affiliated auto glass,Exact
albuquerque,Broad
all american glass,Exact
all around glass,Exact
all star glass,Exact
allstate glass,Exact
american autoglass,Exact
anchor auto glass,Exact
anders,Phrase
anders auto glass,Exact
anderson's auto glass,Exact
andy's auto glass,Exact
apex auto glass,Exact
apply,Broad
ar auto glass,Exact
arch auto glass,Exact
armando auto glass,Exact
artistic auto glass,Exact
asap auto glass,Exact
astro glass,Exact
auto city classic,Phrase
auto glass denver pros,Exact
auto glass now,Phrase
auto glass pro,Phrase
auto glass usa,Exact
auto glass yes,Exact
autoglass pro,Exact
autoplex,Phrase
b and m auto glass,Exact
bama auto glass,Exact
bear creek auto glass,Exact
best auto glass llc,Exact
beverly hills glass,Exact
big sky auto glass,Exact
bisbee az,Phrase
black mountain glass,Exact
bob's auto glass,Exact
bright auto glass,Exact
budget glass,Exact
bullhead city,Phrase
caliber auto glass,Exact
camp verde,Phrase
can you fix,Phrase
careers,Broad
carefree,Phrase
casa grande,Phrase
casas adobes,Phrase
chip chick,Phrase
chip medic,Phrase
chip pros,Phrase
chipper auto glass,Exact
chris's glass,Exact
city glass,Phrase
classic auto glass,Phrase
clear choice,Phrase
clearview,Phrase
como reparar,Phrase
coolidge az,Phrase
cornerstone auto glass,Exact
corvette,Broad
cost,Broad
cottonwood,Broad
cracks and racks,Phrase
crystal auto glass,Exact
crystal clear auto glass,Exact
dales auto glass,Exact
dcm glass,Exact
decker auto glass,Exact
deco chip,Phrase
deco windshield,Phrase
dependable auto glass,Exact
diy,Broad
douglas az,Phrase
driven auto glass,Exact
easy glass,Phrase
el centro ca,Phrase
elevated auto glass,Exact
elite auto glass,Phrase
emergency glass repair,Phrase
employment,Broad
estimate,Broad
estrada auto glass,Exact
express auto glass,Phrase
express glass,Exact
extreme 1,Phrase
farmington nm,Phrase
fast break,Phrase
first glass,Phrase
flagstaff,Broad
florence az,Phrase
for sale,Phrase
freightliner,Broad
glass company,Phrase
glass man,Exact
glass masters,Phrase
glasspro,Exact
globe az,Phrase
glue,Broad
grand auto glass,Exact
greeley auto glass,Exact
gt tools,Phrase
handy glass,Exact
harding auto glass,Exact
hd auto glass,Exact
hearts auto glass,Exact
henderson nv,Phrase
hiring,Broad
how much,Phrase
how to,Phrase
hv auto glass,Exact
indio ca,Phrase
inexpensive glass,Exact
innova,Phrase
innovative auto glass,Exact
insight auto glass,Exact
instalacion de parabrisas,Phrase
j and j auto glass,Exact
j and m glass,Exact
j&k auto glass,Exact
jb auto glass,Exact
jd auto glass,Exact
jiffy auto glass,Exact
jiffy glass,Exact
jiffy lube,Exact
jiffy windshield,Exact
jobs,Broad
kingman,Broad
kwikset,Phrase
lake havasu,Phrase
lake havasu city,Phrase
las vegas,Broad
latino's auto glass,Exact
latinos auto glass,Exact
los primos,Phrase
lynx auto glass,Exact
marana,Phrase
master auto glass,Exact
mccaslin glass,Exact
mesquite nv,Phrase
migrant auto glass,Exact
mobile mechanics,Phrase
montrose auto glass,Exact
morales auto glass,Exact
morey's,Phrase
morey's glass,Exact
mountain aire,Phrase
mountain state glass,Exact
mygrant,Phrase
native,Phrase
native auto glass,Exact
nelson auto glass,Exact
neste auto glass,Exact
new image auto glass,Exact
noble auto glass,Exact
nogales,Broad
nova windshield,Phrase
novice glass,Phrase
oe auto glass,Exact
oe glass,Exact
on point,Phrase
on the spot glass,Exact
oro valley,Phrase
palm springs,Broad
patriot glass,Exact
payson,Broad
peak view,Phrase
peakview,Phrase
peterson auto glass,Exact
pilkington,Exact
pj's auto glass,Exact
plummers automotive,Exact
polaris auto glass,Exact
polaris autoglass,Exact
polish,Broad
portland glass,Exact
precision auto glass,Phrase
premium auto glass,Phrase
prescott,Broad
prescott valley,Phrase
prestige auto glass,Exact
primo auto glass,Exact
primos,Phrase
primos auto glass,Exact
professional auto glass,Phrase
pure auto glass,Exact
quality glass,Exact
quick set,Phrase
quickset,Phrase
rainbow auto glass,Exact
ram glass,Exact
rams glass,Exact
removal,Broad
repair yourself,Phrase
right choice,Phrase
rock chip doctor,Exact
rocky auto glass,Exact
rons auto glass,Exact
sade lite,Exact
safe flight,Exact
safe life,Exact
safe lite,Exact
safelight,Exact
safelite,Exact
safeway auto glass,Exact
safford az,Phrase
satellite autoglass,Exact
satellite glass,Exact
satellite window,Phrase
savelite,Exact
sedona,Broad
semi truck,Phrase
semi windshield,Phrase
service auto glass,Phrase
show low,Phrase
sierra vista,Phrase
skyline auto glass,Exact
slingshot auto glass,Exact
slp auto glass,Exact
snappy windshield,Exact
snow,Phrase
snow auto glass,Exact
soco auto glass,Exact
soco windshield,Phrase
spring auto glass,Exact
springs auto glass,Exact
st george ut,Phrase
standard glass,Phrase
star auto glass,Exact
starlite,Phrase
stateline auto glass,Exact
summit auto glass,Exact
supreme glass,Exact
tabos,Phrase
tavo,Phrase
tavos,Phrase
technician,Broad
tesla,Broad
the windshield doctor,Exact
the windshield guys,Exact
the windshield shop,Exact
tier 1,Phrase
tier one,Phrase
top notch,Phrase
tucson,Broad
turbo auto glass,Exact
unique auto glass,Exact
united glass service,Exact
used,Broad
used auto glass,Phrase
van go,Phrase
verde valley,Phrase
waxahachie,Phrase
west elk windshields,Exact
where to buy,Phrase
who fixes,Phrase
wholesale,Broad
windshield express,Exact
windshield hub,Exact
windshield paramedic,Exact
windshields express,Exact
winslow az,Phrase
work,Broad
xtreme auto glass,Exact
yuma,Broad
